"IN","CM","RI","RE","PE","PI","IE","CE","CL","RS"
1.35667194554957,-0.0106142634845695,0.0117713612979955,0.0208493164780811,0.021856237685906,-0.00385604181366128,-0.013445417446528,0.0077491705137747,0.913290357345454,0.035516
